member_id,member_name,Address,email,phone_number
1,Neha Sharma,"123 Main Street, Mumbai", neha.sharma@example.com, +91 9876543210
2,Rajesh Patel,"456 Park Avenue, Delhi", rajesh.patel@example.com, +91 9876543211
3,Priya Verma,"789 Central Road, Kolkata", priya.verma@example.com, +91 9876543212
4,Sanjay Singh,"246 Street Lane, Chennai", sanjay.singh@example.com, +91 9876543213
5,Aishwarya Reddy,"135 Green Garden, Bengaluru", aishwarya.reddy@example.com, +91 9876543214
6,Arjun Gupta,"789 Pearl Street, Hyderabad", arjun.gupta@example.com, +91 9876543215
7,Anjali Desai,"456 Rose Avenue, Mumbai", anjali.desai@example.com, +91 9876543216
8,Rakesh Sharma,"123 Sunshine Road, Delhi", rakesh.sharma@example.com, +91 9876543217
9,Deepika Patel,"789 Silver Square, Kolkata", deepika.patel@example.com, +91 9876543218
10,Abhishek Verma,"456 Diamond Lane, Chennai", abhishek.verma@example.com, +91 9876543219
11,Sehna singh,"246 Gold Garden, Bengaluru", sehna.singh@example.com, +91 9876543220
12,Rahul Kumar,"135 Platinum Road, Hyderabad", rahul.kumar@example.com, +91 9876543221
13,Pooja Shah,"789 Sapphire Street, Mumbai", pooja.shah@example.com, +91 9876543222
14,Manish Joshi,"456 Emerald Avenue, Delhi", manish.joshi@example.com, +91 9876543223
15,Shweta Gupta,"123 Pearl Lane, Kolkata", shweta.gupta@example.com, +91 9876543224
16,Vikram Deshmukh,"789 Rose Garden, Chennai", vikram.deshmukh@example.com, +91 9876543225
17,Ananya Reddy,"246 Green Road, Bengaluru", ananya.reddy@example.com, +91 9876543226
18,Prakash Verma,"135 Skyline Avenue, Hyderabad", prakash.verma@example.com, +91 9876543227
19,Natasha Sharma,"789 Sunrise Square, Mumbai", natasha.sharma@example.com, +91 9876543228
20,Rohit Patel,"456 Sunset Lane, Delhi", rohit.patel@example.com, +91 9876543229
,,,,
,,,,
,,,,
,,,,
,,,,
,,,,
,,,,
,,,,
,,,,
,,,,
,,,,
,,,,
,,,,
,,,,
,,,,
,,,,
,,,,
,,,,
,,,,
,,,,
,,,,
